{"cameraMode":{"drawMode":0,"name":"Shaded","section":"Shading Mode"},"sceneLighting":false,"audioPlay":false,"sceneViewState":{"m_AlwaysRefresh":false,"showFog":true,"showSkybox":false,"showFlares":true,"showImageEffects":true,"showParticleSystems":true,"showVisualEffectGraphs":true,"m_FxEnabled":true},"in2DMode":false,"pivot":{"x":-0.06466171145439148,"y":-2.535496473312378,"z":10.96806526184082},"rotation":{"x":-0.14677023887634278,"y":-0.010749246925115586,"z":0.0015803067944943905,"w":-0.9891080856323242},"size":6.362177848815918,"orthographic":false}