{"cameraMode":{"drawMode":0,"name":"Shaded","section":"Shading Mode"},"sceneLighting":true,"audioPlay":false,"sceneViewState":{"showFog":true,"showMaterialUpdate":false,"showSkybox":false,"showFlares":true,"showImageEffects":true,"showParticleSystems":true,"showVisualEffectGraphs":true,"m_FxEnabled":true},"in2DMode":false,"pivot":{"x":-0.4138612747192383,"y":-0.09300273656845093,"z":-0.09043288230895996},"rotation":{"x":-0.044561322778463367,"y":-0.9451239109039307,"z":0.1457417905330658,"w":-0.28894978761672976},"size":1.4630874395370484,"orthographic":false}