{"cameraMode":{"drawMode":0,"name":"Shaded","section":"Shading Mode"},"sceneLighting":true,"audioPlay":false,"sceneViewState":{"showFog":false,"showMaterialUpdate":false,"showSkybox":false,"showFlares":false,"showImageEffects":false,"showParticleSystems":false,"showVisualEffectGraphs":true,"m_FxEnabled":true},"in2DMode":false,"pivot":{"x":325.32757568359377,"y":24.580177307128908,"z":422.0594482421875},"rotation":{"x":-0.3502807021141052,"y":-0.0027637104503810407,"z":0.0010644391877576709,"w":-0.9365614056587219},"size":30.310888290405275,"orthographic":false}