{"cameraMode":{"drawMode":0,"name":"Shaded","section":"Shading Mode"},"sceneLighting":false,"audioPlay":false,"sceneViewState":{"showFog":false,"showMaterialUpdate":false,"showSkybox":false,"showFlares":false,"showImageEffects":false,"showParticleSystems":false,"showVisualEffectGraphs":true,"m_FxEnabled":true},"in2DMode":false,"pivot":{"x":-0.003920435905456543,"y":0.007392168045043945,"z":-0.06749162077903748},"rotation":{"x":-0.1820688545703888,"y":0.684768795967102,"z":-0.18282988667488099,"w":-0.6814208030700684},"size":0.4242643117904663,"orthographic":false}