{"cameraMode":{"drawMode":0,"name":"Shaded","section":"Shading Mode"},"sceneLighting":true,"audioPlay":false,"sceneViewState":{"showFog":true,"showMaterialUpdate":false,"showSkybox":true,"showFlares":true,"showImageEffects":true,"showParticleSystems":true,"showVisualEffectGraphs":true,"m_FxEnabled":true},"in2DMode":false,"pivot":{"x":299.32525634765627,"y":8.70896053314209,"z":440.4743347167969},"rotation":{"x":-0.00014643499162048101,"y":0.980186939239502,"z":-0.19818192720413209,"w":-0.0007971088052727282},"size":2.0630874633789064,"orthographic":false}