{"cameraMode":{"drawMode":0,"name":"Shaded","section":"Shading Mode"},"sceneLighting":true,"audioPlay":false,"sceneViewState":{"showFog":true,"showMaterialUpdate":false,"showSkybox":true,"showFlares":true,"showImageEffects":true,"showParticleSystems":true,"showVisualEffectGraphs":true,"m_FxEnabled":true},"in2DMode":false,"pivot":{"x":831.5953369140625,"y":-297.2738952636719,"z":1164.3621826171875},"rotation":{"x":0.16310998797416688,"y":0.28509894013404848,"z":-0.049680132418870929,"w":0.9433778524398804},"size":536.1261596679688,"orthographic":false}