{"cameraMode":{"drawMode":0,"name":"Shaded","section":"Shading Mode"},"sceneLighting":true,"audioPlay":false,"sceneViewState":{"showFog":true,"showMaterialUpdate":false,"showSkybox":true,"showFlares":true,"showImageEffects":true,"showParticleSystems":true,"showVisualEffectGraphs":true,"m_FxEnabled":true},"in2DMode":false,"pivot":{"x":472.04583740234377,"y":16.393001556396486,"z":532.0380249023438},"rotation":{"x":0.006465000566095114,"y":-0.897848904132843,"z":-0.013190397061407566,"w":-0.44004926085472109},"size":40.89980697631836,"orthographic":false}