{"cameraMode":{"drawMode":0,"name":"Shaded","section":"Shading Mode"},"sceneLighting":true,"audioPlay":false,"sceneViewState":{"m_AlwaysRefresh":false,"showFog":true,"showSkybox":true,"showFlares":true,"showImageEffects":true,"showParticleSystems":true,"showVisualEffectGraphs":true,"m_FxEnabled":true},"in2DMode":false,"pivot":{"x":475.13385009765627,"y":119.99585723876953,"z":535.4833984375},"rotation":{"x":0.0001425504160579294,"y":-0.9999098181724548,"z":0.018299784511327745,"w":0.005439875181764364},"size":25.893699645996095,"orthographic":false}