{"cameraMode":{"drawMode":0,"name":"Shaded","section":"Shading Mode"},"sceneLighting":true,"audioPlay":false,"sceneViewState":{"showFog":false,"showMaterialUpdate":false,"showSkybox":false,"showFlares":false,"showImageEffects":false,"showParticleSystems":false},"in2DMode":false,"pivot":{"x":31.421091079711915,"y":5.367182731628418,"z":17.712146759033204},"rotation":{"x":-0.2519771456718445,"y":0.7097721099853516,"z":-0.3075587749481201,"w":-0.5815017223358154},"size":7.700679302215576,"orthographic":false}