{"cameraMode":{"drawMode":0,"name":"Shaded","section":"Shading Mode"},"sceneLighting":false,"audioPlay":false,"sceneViewState":{"showFog":false,"showMaterialUpdate":false,"showSkybox":false,"showFlares":false,"showImageEffects":false,"showParticleSystems":false},"in2DMode":false,"pivot":{"x":-0.8613530397415161,"y":0.17988580465316773,"z":0.45411697030067446},"rotation":{"x":0.08618231862783432,"y":0.8219480514526367,"z":-0.1292741447687149,"w":0.547961413860321},"size":0.6803848147392273,"orthographic":false}