{"cameraMode":{"drawMode":0,"name":"Shaded","section":"Shading Mode"},"sceneLighting":true,"audioPlay":false,"sceneViewState":{"showFog":false,"showMaterialUpdate":false,"showSkybox":false,"showFlares":false,"showImageEffects":false,"showParticleSystems":false},"in2DMode":false,"pivot":{"x":-0.5221730470657349,"y":0.841467022895813,"z":-0.11343555152416229},"rotation":{"x":0.18621675670146943,"y":0.8054736256599426,"z":-0.3282725512981415,"w":0.4569152295589447},"size":2.1373066902160646,"orthographic":false}