{"cameraMode":{"drawMode":0,"name":"Shaded","section":"Shading Mode"},"sceneLighting":false,"audioPlay":false,"sceneViewState":{"showFog":false,"showMaterialUpdate":false,"showSkybox":false,"showFlares":false,"showImageEffects":false,"showParticleSystems":false},"in2DMode":false,"pivot":{"x":-4.090165615081787,"y":6.621725082397461,"z":1.5017142295837403},"rotation":{"x":0.11196424067020416,"y":0.8870360255241394,"z":-0.3384498953819275,"w":0.2934647500514984},"size":2.9660251140594484,"orthographic":false}