{"cameraMode":{"drawMode":0,"name":"Shaded","section":"Shading Mode"},"sceneLighting":true,"audioPlay":false,"sceneViewState":{"showFog":false,"showMaterialUpdate":false,"showSkybox":false,"showFlares":false,"showImageEffects":false,"showParticleSystems":false},"in2DMode":false,"pivot":{"x":176.5721893310547,"y":-190.7292022705078,"z":20.886621475219728},"rotation":{"x":0.27413636445999148,"y":0.6595484018325806,"z":-0.28225964307785036,"w":0.6404802203178406},"size":156.92507934570313,"orthographic":false}