{"cameraMode":{"drawMode":0,"name":"Shaded","section":"Shading Mode"},"sceneLighting":false,"audioPlay":false,"sceneViewState":{"showFog":false,"showMaterialUpdate":false,"showSkybox":false,"showFlares":false,"showImageEffects":false,"showParticleSystems":false},"in2DMode":false,"pivot":{"x":1.212676763534546,"y":1.015853762626648,"z":-0.26837942004203799},"rotation":{"x":-0.043105266988277438,"y":-0.7981101870536804,"z":0.05798953026533127,"w":-0.5983318090438843},"size":5.381748199462891,"orthographic":false}