{"cameraMode":{"drawMode":0,"name":"Shaded","section":"Shading Mode"},"sceneLighting":false,"audioPlay":false,"sceneViewState":{"showFog":false,"showMaterialUpdate":false,"showSkybox":false,"showFlares":false,"showImageEffects":false,"showParticleSystems":false},"in2DMode":false,"pivot":{"x":26.399999618530275,"y":0.8500000238418579,"z":-14.899999618530274},"rotation":{"x":-0.40399566292762759,"y":-0.0019912251736968757,"z":0.0026215713005512954,"w":-0.9149404168128967},"size":0.8660253882408142,"orthographic":false}