{"cameraMode":{"drawMode":0,"name":"Shaded","section":"Shading Mode"},"sceneLighting":true,"audioPlay":false,"sceneViewState":{"showFog":false,"showMaterialUpdate":false,"showSkybox":false,"showFlares":false,"showImageEffects":false,"showParticleSystems":false},"in2DMode":false,"pivot":{"x":-34.828857421875,"y":3.645331382751465,"z":42.03968048095703},"rotation":{"x":-0.09726086258888245,"y":-0.8914608359336853,"z":0.22895514965057374,"w":-0.37869781255722048},"size":9.27856731414795,"orthographic":false}