{"cameraMode":{"drawMode":0,"name":"Shaded","section":"Shading Mode"},"sceneLighting":false,"audioPlay":false,"sceneViewState":{"showFog":false,"showMaterialUpdate":false,"showSkybox":false,"showFlares":false,"showImageEffects":false,"showParticleSystems":false},"in2DMode":false,"pivot":{"x":0.2879299521446228,"y":4.530332565307617,"z":2.200345516204834},"rotation":{"x":0.11005723476409912,"y":0.7269577980041504,"z":-0.11992701143026352,"w":0.6671175360679627},"size":0.8660253882408142,"orthographic":false}