{"cameraMode":{"drawMode":0,"name":"Shaded","section":"Shading Mode"},"sceneLighting":false,"audioPlay":false,"sceneViewState":{"showFog":false,"showMaterialUpdate":false,"showSkybox":false,"showFlares":false,"showImageEffects":false,"showParticleSystems":false},"in2DMode":false,"pivot":{"x":4.623727321624756,"y":-2.6644771099090578,"z":-6.238708972930908},"rotation":{"x":0.0624995194375515,"y":0.9330388903617859,"z":-0.19887010753154756,"w":0.2932298481464386},"size":6.062177658081055,"orthographic":false}