{"cameraMode":{"drawMode":0,"name":"Shaded","section":"Shading Mode"},"sceneLighting":true,"audioPlay":false,"sceneViewState":{"showFog":false,"showMaterialUpdate":false,"showSkybox":false,"showFlares":false,"showImageEffects":false,"showParticleSystems":false},"in2DMode":false,"pivot":{"x":1.8739292621612549,"y":3.685882568359375,"z":-0.3568188548088074},"rotation":{"x":-0.16340003907680512,"y":-0.7178475856781006,"z":0.1797836869955063,"w":-0.652442216873169},"size":3.3716650009155275,"orthographic":false}