{"cameraMode":{"drawMode":0,"name":"Shaded","section":"Shading Mode"},"sceneLighting":false,"audioPlay":false,"sceneViewState":{"showFog":false,"showMaterialUpdate":false,"showSkybox":false,"showFlares":false,"showImageEffects":false,"showParticleSystems":false},"in2DMode":false,"pivot":{"x":1.0505163669586182,"y":0.3281099498271942,"z":0.6736063361167908},"rotation":{"x":0.28240397572517397,"y":0.308199018239975,"z":-0.09636349976062775,"w":0.9033395051956177},"size":2.9660251140594484,"orthographic":false}