{"cameraMode":{"drawMode":0,"name":"Shaded","section":"Shading Mode"},"sceneLighting":false,"audioPlay":false,"sceneViewState":{"showFog":false,"showMaterialUpdate":false,"showSkybox":false,"showFlares":false,"showImageEffects":false,"showParticleSystems":false},"in2DMode":false,"pivot":{"x":13.444279670715332,"y":-6.270225524902344,"z":7.503035545349121},"rotation":{"x":0.27079108357429507,"y":0.7261689901351929,"z":-0.40618884563446047,"w":0.4841097295284271},"size":20.392175674438478,"orthographic":false}