{"cameraMode":{"drawMode":0,"name":"Shaded","section":"Shading Mode"},"sceneLighting":true,"audioPlay":false,"sceneViewState":{"showFog":false,"showMaterialUpdate":false,"showSkybox":false,"showFlares":false,"showImageEffects":false,"showParticleSystems":false},"in2DMode":false,"pivot":{"x":48.47231674194336,"y":13.527615547180176,"z":34.26041793823242},"rotation":{"x":0.31526297330856326,"y":-0.6213698983192444,"z":0.30084526538848879,"w":0.6511505842208862},"size":3.3716650009155275,"orthographic":false}