{"cameraMode":{"drawMode":0,"name":"Shaded","section":"Shading Mode"},"sceneLighting":false,"audioPlay":false,"sceneViewState":{"showFog":false,"showMaterialUpdate":false,"showSkybox":false,"showFlares":false,"showImageEffects":false,"showParticleSystems":false},"in2DMode":false,"pivot":{"x":0.42591360211372378,"y":15.444718360900879,"z":0.7932775616645813},"rotation":{"x":-0.13539323210716248,"y":0.846198558807373,"z":-0.447354257106781,"w":-0.2561630308628082},"size":0.000017320508050033823,"orthographic":false}