{"cameraMode":{"drawMode":0,"name":"Shaded","section":"Shading Mode"},"sceneLighting":true,"audioPlay":false,"sceneViewState":{"showFog":false,"showMaterialUpdate":false,"showSkybox":false,"showFlares":false,"showImageEffects":false,"showParticleSystems":false},"in2DMode":false,"pivot":{"x":-8.27289867401123,"y":-7.405998706817627,"z":0.2905857264995575},"rotation":{"x":-0.2533353567123413,"y":0.6493340134620667,"z":-0.2439788579940796,"w":-0.674309492111206},"size":6.062177658081055,"orthographic":false}