{"cameraMode":{"drawMode":0,"name":"Shaded","section":"Shading Mode"},"sceneLighting":false,"audioPlay":false,"sceneViewState":{"showFog":false,"showMaterialUpdate":false,"showSkybox":false,"showFlares":false,"showImageEffects":false,"showParticleSystems":false},"in2DMode":false,"pivot":{"x":-0.03555886447429657,"y":2.0738978385925295,"z":2.1419687271118166},"rotation":{"x":0.008274692110717297,"y":0.9675138592720032,"z":-0.25065720081329348,"w":0.031939547508955},"size":0.5196152329444885,"orthographic":false}