{"cameraMode":{"drawMode":0,"name":"Shaded","section":"Shading Mode"},"sceneLighting":true,"audioPlay":false,"sceneViewState":{"showFog":false,"showMaterialUpdate":false,"showSkybox":false,"showFlares":false,"showImageEffects":false,"showParticleSystems":false},"in2DMode":false,"pivot":{"x":3.1151883602142336,"y":-0.5514990091323853,"z":0.7517522573471069},"rotation":{"x":0.13037839531898499,"y":0.7148997783660889,"z":-0.13852626085281373,"w":0.6728583574295044},"size":2.6287293434143068,"orthographic":false}