{"cameraMode":{"drawMode":0,"name":"Shaded","section":"Shading Mode"},"sceneLighting":false,"audioPlay":false,"sceneViewState":{"showFog":false,"showMaterialUpdate":false,"showSkybox":false,"showFlares":false,"showImageEffects":false,"showParticleSystems":false},"in2DMode":false,"pivot":{"x":-2.2762389183044435,"y":4.176840305328369,"z":-1.26884126663208},"rotation":{"x":0.08119272440671921,"y":0.6862338781356812,"z":-0.0775325819849968,"w":0.7186956405639648},"size":2.9660251140594484,"orthographic":false}