{"cameraMode":{"drawMode":0,"name":"Shaded","section":"Shading Mode"},"sceneLighting":false,"audioPlay":false,"sceneViewState":{"showFog":false,"showMaterialUpdate":false,"showSkybox":false,"showFlares":false,"showImageEffects":false,"showParticleSystems":false},"in2DMode":false,"pivot":{"x":-2.514827251434326,"y":3.377302646636963,"z":-1.4129221439361573},"rotation":{"x":0.130097433924675,"y":0.687552273273468,"z":-0.12725186347961427,"w":0.7029913067817688},"size":2.9660251140594484,"orthographic":false}