{"cameraMode":{"drawMode":0,"name":"Shaded","section":"Shading Mode"},"sceneLighting":false,"audioPlay":false,"sceneViewState":{"showFog":false,"showMaterialUpdate":false,"showSkybox":false,"showFlares":false,"showImageEffects":false,"showParticleSystems":false},"in2DMode":false,"pivot":{"x":26.399999618530275,"y":0.8500000238418579,"z":-14.899999618530274},"rotation":{"x":-0.30509987473487856,"y":-0.06603722274303436,"z":0.021561145782470704,"w":-0.9498875141143799},"size":0.8660253882408142,"orthographic":false}