{"cameraMode":{"drawMode":0,"name":"Shaded","section":"Shading Mode"},"sceneLighting":true,"audioPlay":false,"sceneViewState":{"showFog":false,"showMaterialUpdate":false,"showSkybox":false,"showFlares":false,"showImageEffects":false,"showParticleSystems":false},"in2DMode":false,"pivot":{"x":-17.600067138671876,"y":10.279930114746094,"z":-181.52774047851563},"rotation":{"x":0.0006797343958169222,"y":-0.9987402558326721,"z":-0.020748239010572435,"w":0.04909497871994972},"size":90.45561218261719,"orthographic":false}