{"cameraMode":{"drawMode":0,"name":"Shaded","section":"Shading Mode"},"sceneLighting":false,"audioPlay":false,"sceneViewState":{"showFog":false,"showMaterialUpdate":false,"showSkybox":false,"showFlares":false,"showImageEffects":false,"showParticleSystems":false},"in2DMode":false,"pivot":{"x":0.36083436012268069,"y":0.4417515993118286,"z":0.8161749839782715},"rotation":{"x":0.2968033254146576,"y":-0.4740656316280365,"z":0.1735851764678955,"w":0.8105788230895996},"size":0.9487058520317078,"orthographic":false}