{"cameraMode":{"drawMode":0,"name":"Shaded","section":"Shading Mode"},"sceneLighting":false,"audioPlay":false,"sceneViewState":{"showFog":false,"showMaterialUpdate":false,"showSkybox":false,"showFlares":false,"showImageEffects":false,"showParticleSystems":false},"in2DMode":false,"pivot":{"x":-0.7955942153930664,"y":0.43912023305892947,"z":-0.22442921996116639},"rotation":{"x":0.12562085688114167,"y":0.7258577942848206,"z":-0.137716144323349,"w":0.662108302116394},"size":0.38038474321365359,"orthographic":false}