{"cameraMode":{"drawMode":0,"name":"Shaded","section":"Shading Mode"},"sceneLighting":true,"audioPlay":false,"sceneViewState":{"showFog":false,"showMaterialUpdate":false,"showSkybox":false,"showFlares":false,"showImageEffects":false,"showParticleSystems":false},"in2DMode":false,"pivot":{"x":1.6725810766220093,"y":4.475230693817139,"z":1.4675790071487427},"rotation":{"x":-0.197409987449646,"y":-0.7022509574890137,"z":0.21331433951854707,"w":-0.6499043107032776},"size":3.3716650009155275,"orthographic":false}