{"cameraMode":{"drawMode":0,"name":"Shaded","section":"Shading Mode"},"sceneLighting":false,"audioPlay":false,"sceneViewState":{"showFog":false,"showMaterialUpdate":false,"showSkybox":false,"showFlares":false,"showImageEffects":false,"showParticleSystems":false},"in2DMode":false,"pivot":{"x":-66.39926147460938,"y":-54.5665283203125,"z":-195.83746337890626},"rotation":{"x":-0.035416651517152789,"y":0.9630453586578369,"z":-0.15465164184570313,"w":-0.21812975406646729},"size":116.66474151611328,"orthographic":false}