{"cameraMode":{"drawMode":0,"name":"Shaded","section":"Shading Mode"},"sceneLighting":true,"audioPlay":false,"sceneViewState":{"showFog":false,"showMaterialUpdate":false,"showSkybox":false,"showFlares":false,"showImageEffects":false,"showParticleSystems":false},"in2DMode":false,"pivot":{"x":2.635493516921997,"y":-3.2364494800567629,"z":0.6568315029144287},"rotation":{"x":0.05562985688447952,"y":0.9440072774887085,"z":-0.24305647611618043,"w":0.21605975925922395},"size":9.753222465515137,"orthographic":false}