{"cameraMode":{"drawMode":0,"name":"Shaded","section":"Shading Mode"},"sceneLighting":false,"audioPlay":false,"sceneViewState":{"showFog":false,"showMaterialUpdate":false,"showSkybox":false,"showFlares":false,"showImageEffects":false,"showParticleSystems":false},"in2DMode":false,"pivot":{"x":-35.74512481689453,"y":-41.30376052856445,"z":22.75631332397461},"rotation":{"x":-0.2971567213535309,"y":0.39663785696029665,"z":-0.13697363436222077,"w":-0.8577970862388611},"size":43.522056579589847,"orthographic":false}