{"cameraMode":{"drawMode":0,"name":"Shaded","section":"Shading Mode"},"sceneLighting":true,"audioPlay":false,"sceneViewState":{"showFog":false,"showMaterialUpdate":false,"showSkybox":false,"showFlares":false,"showImageEffects":false,"showParticleSystems":false},"in2DMode":false,"pivot":{"x":0.41234609484672549,"y":6.586052894592285,"z":1.661268949508667},"rotation":{"x":-0.13436539471149445,"y":-0.7049340009689331,"z":0.1387922465801239,"w":-0.6824636459350586},"size":3.3716650009155275,"orthographic":false}