{"cameraMode":{"drawMode":0,"name":"Shaded","section":"Shading Mode"},"sceneLighting":true,"audioPlay":false,"sceneViewState":{"showFog":false,"showMaterialUpdate":false,"showSkybox":false,"showFlares":false,"showImageEffects":false,"showParticleSystems":false},"in2DMode":false,"pivot":{"x":-0.29311978816986086,"y":-117.80899047851563,"z":100.10063171386719},"rotation":{"x":-0.48240774869918826,"y":-0.003918515518307686,"z":0.002133815549314022,"w":-0.8759534358978272},"size":101.04840087890625,"orthographic":false}