{"cameraMode":{"drawMode":0,"name":"Shaded","section":"Shading Mode"},"sceneLighting":true,"audioPlay":false,"sceneViewState":{"showFog":false,"showMaterialUpdate":false,"showSkybox":false,"showFlares":false,"showImageEffects":false,"showParticleSystems":false},"in2DMode":false,"pivot":{"x":3.224720001220703,"y":-291.7477722167969,"z":-348.4552917480469},"rotation":{"x":-0.0007938410853967071,"y":0.9465945959091187,"z":-0.3229779899120331,"w":0.002003853674978018},"size":275.5051574707031,"orthographic":false}