{"cameraMode":{"drawMode":0,"name":"Shaded","section":"Shading Mode"},"sceneLighting":false,"audioPlay":false,"sceneViewState":{"showFog":false,"showMaterialUpdate":false,"showSkybox":false,"showFlares":false,"showImageEffects":false,"showParticleSystems":false},"in2DMode":false,"pivot":{"x":1.8824665546417237,"y":3.4260048866271974,"z":-0.9876390695571899},"rotation":{"x":0.07552947103977204,"y":0.8609140515327454,"z":-0.1340784877538681,"w":0.48495614528656008},"size":2.9660251140594484,"orthographic":false}