{"cameraMode":{"drawMode":0,"name":"Shaded","section":"Shading Mode"},"sceneLighting":false,"audioPlay":false,"sceneViewState":{"showFog":false,"showMaterialUpdate":false,"showSkybox":false,"showFlares":false,"showImageEffects":false,"showParticleSystems":false},"in2DMode":false,"pivot":{"x":0.30860188603401186,"y":1.2246896028518677,"z":-2.1344592571258547},"rotation":{"x":-0.48754000663757326,"y":-0.05392377823591232,"z":0.030564377084374429,"w":-0.8710126280784607},"size":2.981747627258301,"orthographic":false}