{"cameraMode":{"drawMode":0,"name":"Shaded","section":"Shading Mode"},"sceneLighting":true,"audioPlay":false,"sceneViewState":{"showFog":false,"showMaterialUpdate":false,"showSkybox":false,"showFlares":false,"showImageEffects":false,"showParticleSystems":false},"in2DMode":false,"pivot":{"x":6.814760208129883,"y":-11.397899627685547,"z":-9.39698314666748},"rotation":{"x":-0.07909534126520157,"y":-0.8791958093643189,"z":0.4417562186717987,"w":-0.1611088663339615},"size":16.485397338867189,"orthographic":false}