{"cameraMode":{"drawMode":0,"name":"Shaded","section":"Shading Mode"},"sceneLighting":false,"audioPlay":false,"sceneViewState":{"showFog":false,"showMaterialUpdate":false,"showSkybox":false,"showFlares":false,"showImageEffects":false,"showParticleSystems":false},"in2DMode":false,"pivot":{"x":-2.3374032974243166,"y":6.5,"z":10.979999542236329},"rotation":{"x":-0.3143949806690216,"y":-0.01035288069397211,"z":0.003782697720453143,"w":-0.9493323564529419},"size":0.5196152329444885,"orthographic":false}