{"cameraMode":{"drawMode":0,"name":"Shaded","section":"Shading Mode"},"sceneLighting":true,"audioPlay":false,"sceneViewState":{"showFog":false,"showMaterialUpdate":false,"showSkybox":false,"showFlares":false,"showImageEffects":false,"showParticleSystems":false},"in2DMode":false,"pivot":{"x":81.27242279052735,"y":-111.04473114013672,"z":-132.9815216064453},"rotation":{"x":0.0975298285484314,"y":0.9025114178657532,"z":-0.29797083139419558,"w":0.29531481862068179},"size":101.04840087890625,"orthographic":false}