{"cameraMode":{"drawMode":0,"name":"Shaded","section":"Shading Mode"},"sceneLighting":true,"audioPlay":false,"sceneViewState":{"showFog":false,"showMaterialUpdate":false,"showSkybox":false,"showFlares":false,"showImageEffects":false,"showParticleSystems":false},"in2DMode":false,"pivot":{"x":17.903865814208986,"y":-93.50499725341797,"z":-134.07737731933595},"rotation":{"x":-0.010258405469357968,"y":-0.9563336372375488,"z":0.2899509072303772,"w":-0.03964097797870636},"size":103.8442153930664,"orthographic":false}