{"cameraMode":{"drawMode":0,"name":"Shaded","section":"Shading Mode"},"sceneLighting":false,"audioPlay":false,"sceneViewState":{"showFog":false,"showMaterialUpdate":false,"showSkybox":false,"showFlares":false,"showImageEffects":false,"showParticleSystems":false},"in2DMode":false,"pivot":{"x":-1.199949860572815,"y":6.897737979888916,"z":12.055558204650879},"rotation":{"x":-0.08558312058448792,"y":0.6772556900978088,"z":-0.0798463374376297,"w":-0.7264723777770996},"size":0.5196154117584229,"orthographic":false}