{"cameraMode":{"drawMode":0,"name":"Shaded","section":"Shading Mode"},"sceneLighting":false,"audioPlay":false,"sceneViewState":{"showFog":false,"showMaterialUpdate":false,"showSkybox":false,"showFlares":false,"showImageEffects":false,"showParticleSystems":false},"in2DMode":false,"pivot":{"x":0.19999802112579347,"y":1.8836750984191895,"z":-5.437695503234863},"rotation":{"x":-0.48240774869918826,"y":-0.003918515518307686,"z":0.002133815549314022,"w":-0.8759534358978272},"size":2.5753114223480226,"orthographic":false}