{"cameraMode":{"drawMode":0,"name":"Shaded","section":"Shading Mode"},"sceneLighting":true,"audioPlay":false,"sceneViewState":{"showFog":false,"showMaterialUpdate":false,"showSkybox":false,"showFlares":false,"showImageEffects":false,"showParticleSystems":false},"in2DMode":false,"pivot":{"x":8.690037727355957,"y":-113.36644744873047,"z":-150.5360870361328},"rotation":{"x":-0.009975507855415345,"y":-0.942589282989502,"z":0.33274129033088686,"w":-0.031917329877614978},"size":103.8442153930664,"orthographic":false}