{"cameraMode":{"drawMode":0,"name":"Shaded","section":"Shading Mode"},"sceneLighting":true,"audioPlay":false,"sceneViewState":{"showFog":false,"showMaterialUpdate":false,"showSkybox":false,"showFlares":false,"showImageEffects":false,"showParticleSystems":false},"in2DMode":false,"pivot":{"x":0.11318236589431763,"y":-0.34974026679992678,"z":0.0363500602543354},"rotation":{"x":-0.4199773073196411,"y":-0.5781744122505188,"z":0.5073248744010925,"w":-0.48197242617607119},"size":3.8355495929718019,"orthographic":false}