{"cameraMode":{"drawMode":0,"name":"Shaded","section":"Shading Mode"},"sceneLighting":true,"audioPlay":false,"sceneViewState":{"showFog":false,"showMaterialUpdate":false,"showSkybox":false,"showFlares":false,"showImageEffects":false,"showParticleSystems":false,"showVisualEffectGraphs":true,"m_FxEnabled":true},"in2DMode":false,"pivot":{"x":1.1628568172454835,"y":-0.39593976736068728,"z":0.0012790900655090809},"rotation":{"x":0.15947040915489198,"y":0.5941219925880432,"z":-0.12158571183681488,"w":0.7790035605430603},"size":2.1621768474578859,"orthographic":false}