{"cameraMode":{"drawMode":0,"name":"Shaded","section":"Shading Mode"},"sceneLighting":true,"audioPlay":false,"sceneViewState":{"showFog":false,"showMaterialUpdate":false,"showSkybox":false,"showFlares":false,"showImageEffects":false,"showParticleSystems":false,"showVisualEffectGraphs":true,"m_FxEnabled":true},"in2DMode":false,"pivot":{"x":25.034574508666993,"y":-120.57738494873047,"z":252.55410766601563},"rotation":{"x":0.22234918177127839,"y":0.038557443767786029,"z":-0.008781163953244686,"w":0.9741783142089844},"size":156.92507934570313,"orthographic":false}